iter	MultiRMSE
0	132.7945461
1	82.87157869
2	55.43184291
3	43.09258839
4	36.76359565
5	34.15521327
6	32.78742688
7	31.82470426
8	31.08483877
9	30.34954611
